users;recipes
Plant Based Health Freak;12:21:21
Plant Based Health Freak;12:21:23
Fat Craver;13:31:57
Plant Based Health Freak;13:31:58
Plant Based Health Freak;13:31:58
Plant Based Health Freak;13:31:58
Fat Craver;13:31:59
Fat Craver;13:31:59
Fat Craver;13:31:59
Plant Based Health Freak;14:45:21
Plant Based Health Freak;14:45:21
American Meat Lover;14:45:22
Healthy Asian Food;14:45:23
American Meat Lover;14:45:23
American Meat Lover;14:45:23
American Meat Lover;14:45:23
American Meat Lover;14:45:23
Plant Based Health Freak;14:45:23
Plant Based Health Freak;14:45:23
Fat Craver;14:45:23
American Meat Lover;14:26:34
Fat Craver;14:26:35
Fat Craver;14:26:35
Plant Based Health Freak;14:26:36
Fat Craver;14:26:37
Healthy Asian Food;14:26:37
Fat Craver;14:26:38
Healthy Asian Food;14:26:39
Fat Craver;14:26:39
Plant Based Health Freak;14:26:40
Fat Craver;14:26:40
American Meat Lover;14:22:31
American Meat Lover;14:22:33
Plant Based Health Freak;14:22:35
Plant Based Health Freak;14:22:37
Plant Based Health Freak;14:22:37
Plant Based Health Freak;14:22:38
Plant Based Health Freak;14:22:39
Plant Based Health Freak;14:22:40
Plant Based Health Freak;14:22:46
Plant Based Health Freak;14:22:48
Plant Based Health Freak;14:22:49
Plant Based Health Freak;14:22:50
Plant Based Health Freak;14:22:51
Plant Based Health Freak;14:22:52
Plant Based Health Freak;14:22:54
